"","sample1","sample2","sample3","sample4","sample5","sample6"
"gene_1",89,4664,274,126,1267,143
"gene_2",568,3456,201,9,139,504
"gene_3",275,4307,449,187,7909,188
"gene_4",3913,5912,4082,4318,8892,3851
"gene_5",3382,155,2897,2626,2069,3456
"gene_6",4167,5194,4404,4757,4765,4156
"gene_7",4831,227,5009,4554,479,4713
"gene_8",2532,3395,3000,3441,4575,2460
"gene_9",3274,1658,3074,3189,2293,3277
"gene_10",3272,4169,3454,3192,7403,3344
"gene_11",465,3645,125,234,246,386
"gene_12",3432,3704,3455,3770,3196,3354
"gene_13",2024,660,1835,1294,2537,1964
"gene_14",3516,3991,3384,2842,6830,3528
"gene_15",296,5946,181,609,9638,309
"gene_16",1971,1036,2127,2552,2147,1845
"gene_17",1142,1212,1304,852,1003,1232
"gene_18",1682,1923,1450,1445,3567,1642
"gene_19",2758,3061,2549,2513,4454,2670
"gene_20",1291,4258,807,603,6224,1353
"gene_21",615,3822,558,417,3327,514
"gene_22",440,503,355,403,2427,372
"gene_23",571,5699,997,1068,2976,506
"gene_24",2374,1723,2547,2568,1995,2303
"gene_25",3238,5634,2888,3122,4928,3337
"gene_26",2214,4440,1768,1685,6247,2161
"gene_27",2401,1222,2713,2783,5148,2291
"gene_28",2080,1803,2128,1992,965,2180
"gene_29",784,112,723,380,2221,660
"gene_30",198,1002,621,752,2918,286
"gene_31",4233,1010,3831,3439,1414,4276
"gene_32",933,1339,1155,1681,3444,848
"gene_33",2119,1816,2047,2125,4631,2146
"gene_34",89,2227,570,381,741,27
"gene_35",2561,5922,2868,3303,9816,2598
"gene_36",4377,1951,4302,4778,4459,4339
"gene_37",953,1381,1003,1265,1827,859
"gene_38",2106,1924,2351,2128,1053,2190
"gene_39",795,441,578,762,3682,712
"gene_40",2338,4548,1928,1391,805,2373
"gene_41",1962,1755,1834,1638,585,2063
"gene_42",33,1367,204,77,994,-97
"gene_43",528,3950,896,1356,6689,399
"gene_44",1889,618,1749,1265,366,1936
"gene_45",2885,2865,2526,2583,1947,2774
"gene_46",2842,2998,2702,2448,3209,2710
"gene_47",870,2237,524,157,6017,871
"gene_48",2866,5329,2820,2592,6741,2836
"gene_49",2183,1368,2170,2033,2652,2185
"gene_50",3946,1124,4223,4646,1888,3910
"gene_51",1425,3751,1719,1618,2725,1551
"gene_52",2798,1191,3278,2773,377,2710
"gene_53",4681,1185,4583,4361,4270,4658
"gene_54",2184,4308,1819,1452,3724,2251
"gene_55",3562,2004,4024,3882,4731,3553
"gene_56",2289,2350,2440,2153,83,2263
"gene_57",2587,5961,2460,2334,2033,2488
"gene_58",3308,4066,3326,3276,5642,3366
"gene_59",2832,3230,3278,2890,6364,2696
"gene_60",306,4634,478,251,7018,168
"gene_61",2905,5666,2436,2409,6011,3024
"gene_62",3516,1614,3289,3672,4629,3549
"gene_63",1059,2895,1413,1793,3437,1135
"gene_64",4335,2286,3927,3510,6001,4465
"gene_65",1674,391,2061,1814,1017,1554
"gene_66",2215,3674,2301,1842,2698,2312
"gene_67",34,5649,122,76,4927,153
"gene_68",3425,5709,3734,3422,2255,3355
"gene_69",3058,4892,2760,2655,2801,3134
"gene_70",2767,1374,2659,2095,4324,2770
"gene_71",4752,5739,5129,5409,2012,4792
"gene_72",2014,4982,1681,1922,4719,2099
"gene_73",477,5846,972,461,8522,444
"gene_74",2621,3982,2744,3117,6585,2614
"gene_75",3703,1653,3537,4102,1821,3816
"gene_76",977,3544,999,1176,1146,973
"gene_77",3679,1647,3824,3429,566,3786
"gene_78",2978,4462,3225,2987,8136,2986
"gene_79",4585,517,4745,4308,1165,4509
"gene_80",1743,2879,1642,2138,226,1608
"gene_81",1668,4226,1930,2232,3552,1605
"gene_82",860,732,1160,1705,279,860
"gene_83",1982,4770,1740,1793,6812,2085
"gene_84",1868,5148,1639,2190,3169,1967
"gene_85",4713,1137,4664,4232,1599,4796
"gene_86",2243,2574,2730,2844,1051,2186
"gene_87",4829,1086,5281,5106,3021,4780
"gene_88",1276,1232,808,787,2136,1248
"gene_89",996,1335,866,910,757,880
"gene_90",2276,5892,2543,2517,4044,2368
"gene_91",1561,119,1125,1113,2957,1442
"gene_92",1013,486,1408,1521,4340,1091
"gene_93",496,1802,210,155,1882,406
"gene_94",1899,1574,2398,2380,4107,1981
"gene_95",2621,5849,2332,2677,3730,2685
"gene_96",1528,987,1632,1362,3927,1496
"gene_97",2739,2529,3236,3094,2150,2706
"gene_98",985,2858,938,1008,345,1024
"gene_99",737,5678,584,363,8377,647
"gene_100",194,5293,686,807,7632,90
"gene_101",4621,715,4221,4576,1447,4543
"gene_102",931,2297,775,573,5458,889
"gene_103",4129,218,4222,4708,3225,4215
"gene_104",1623,4213,1582,1539,1657,1546
"gene_105",4761,3372,4676,5180,2238,4630
"gene_106",4641,410,4607,5124,2851,4558
"gene_107",22,4747,249,154,3565,24
"gene_108",3253,5482,3377,3083,6652,3245
"gene_109",3506,1726,3869,3498,1829,3557
"gene_110",3375,651,3153,3065,3086,3348
"gene_111",589,531,397,234,2167,665
"gene_112",2122,3481,2369,1980,3598,2001
"gene_113",4105,3793,4217,3968,5909,4243
"gene_114",2543,5004,2278,2352,6453,2524
"gene_115",999,4722,1021,1053,1315,947
"gene_116",4503,2549,4376,4595,1077,4592
"gene_117",4831,2918,4655,5025,4725,4778
"gene_118",1482,5785,1746,1231,9608,1485
"gene_119",464,499,276,165,2730,547
"gene_120",3988,1415,3851,4294,388,4001
"gene_121",2138,5814,2074,1683,8976,2133
"gene_122",1978,1603,1938,1676,1470,2022
"gene_123",3014,335,2944,3166,3649,3075
"gene_124",1972,212,2028,2130,1413,1999
"gene_125",1089,1624,1348,1761,2321,1042
"gene_126",2974,398,3076,3274,4103,2883
"gene_127",2042,949,2259,1936,2480,2088
"gene_128",1044,1115,862,1378,2318,1016
"gene_129",3028,5854,2872,3076,2792,3031
"gene_130",2816,5894,3284,3722,9614,2817
"gene_131",4330,4255,4339,3897,1083,4331
"gene_132",107,1382,553,507,556,203
"gene_133",13,853,466,76,1205,46
"gene_134",4002,1362,4307,4081,2333,3904
"gene_135",4621,750,5021,5405,2499,4508
"gene_136",1823,5540,1653,1246,7671,1760
"gene_137",1164,1341,1439,1694,1114,1033
"gene_138",1975,499,1602,1624,919,1899
"gene_139",2116,1268,2442,2206,2418,2075
"gene_140",375,1519,110,138,2721,468
"gene_141",3278,5857,3361,3543,1928,3296
"gene_142",3076,4741,2714,2477,8183,3155
"gene_143",4287,307,4722,5140,812,4189
"gene_144",3145,982,3249,2918,2370,3220
"gene_145",3968,1093,3638,3173,4558,3913
"gene_146",3285,5527,2894,2410,4029,3369
"gene_147",150,1291,65,113,371,233
"gene_148",3670,5157,3260,2855,3351,3760
"gene_149",1601,4624,1944,2278,6733,1622
"gene_150",2636,703,3091,3323,2875,2565
"gene_151",62,5750,187,452,2691,82
"gene_152",1404,5290,1061,737,1952,1457
"gene_153",2781,4335,2939,3072,3814,2726
"gene_154",4875,4180,5212,4962,2767,4787
"gene_155",2489,2928,2327,2564,1074,2417
"gene_156",47,323,384,180,1240,-83
"gene_157",4280,2306,4345,3915,111,4196
"gene_158",3229,4981,3185,3222,2804,3200
"gene_159",90,5948,361,55,3159,178
"gene_160",2222,1579,1959,1493,1688,2198
"gene_161",774,3539,1218,1280,5566,691
"gene_162",4351,2925,4182,4462,695,4214
"gene_163",1491,4886,1451,1974,3177,1552
"gene_164",3677,469,3947,3391,120,3692
"gene_165",1596,1772,1828,1510,1713,1672
"gene_166",3275,1773,2804,2637,4313,3210
"gene_167",843,2673,982,1211,1455,706
"gene_168",1308,5187,1095,1658,8181,1407
"gene_169",4268,3451,3968,3556,1932,4264
"gene_170",3947,591,3482,3948,2528,3866
"gene_171",2753,1779,2846,2832,367,2874
"gene_172",774,3822,558,222,4091,662
"gene_173",282,4072,124,193,6026,278
"gene_174",1076,5024,616,1030,7769,1169
"gene_175",517,3378,552,612,7256,537
"gene_176",2017,3105,1531,1440,6571,2089
"gene_177",4069,2449,3862,3606,932,3998
"gene_178",34,735,430,9,3420,46
"gene_179",3327,280,3353,3461,4036,3191
"gene_180",2111,5300,1981,1709,6523,2061
"gene_181",2913,5032,3030,3390,7658,2790
"gene_182",974,5303,1370,1114,8177,899
"gene_183",4658,3105,4607,4904,5791,4621
"gene_184",3221,312,3106,3050,3808,3347
"gene_185",505,4249,585,574,5157,632
"gene_186",1360,4093,1113,852,2455,1498
"gene_187",4385,5520,4314,4167,3691,4309
"gene_188",3909,1255,4066,4415,2535,3968
"gene_189",1742,2169,1470,2056,5855,1810
"gene_190",4811,4374,4980,4764,531,4693
"gene_191",2852,2858,2676,3040,4455,2974
"gene_192",241,2284,661,172,2389,335
"gene_193",4360,435,4652,4837,614,4396
"gene_194",3411,1862,3847,3535,1292,3546
"gene_195",2623,1082,3046,2938,1583,2696
"gene_196",4361,5169,4200,4462,8041,4267
"gene_197",4814,1206,4910,4615,4973,4754
"gene_198",3726,2282,3512,3859,4910,3654
"gene_199",2335,2742,2781,3026,3928,2271
"gene_200",3948,2967,3595,3864,762,3946
"gene_201",1375,2386,1152,1573,1889,1250
"gene_202",4331,3138,4540,3953,1564,4359
"gene_203",2895,3654,3348,3028,7581,2788
"gene_204",287,710,23,266,923,356
"gene_205",3435,4793,3416,3216,1803,3481
"gene_206",2731,5283,2652,2998,6025,2662
"gene_207",4935,4535,4948,4880,5009,4909
"gene_208",249,1697,316,594,4193,368
"gene_209",800,5824,738,672,9557,677
"gene_210",103,2965,256,369,1009,158
"gene_211",296,2055,37,183,1510,212
"gene_212",259,2415,77,122,5773,209
"gene_213",2407,5698,2665,2919,8829,2399
"gene_214",894,261,979,396,2095,1025
"gene_215",2304,3016,1988,1497,401,2282
"gene_216",1601,3961,1912,1587,3610,1724
"gene_217",3282,5180,3396,3802,8576,3404
"gene_218",727,4059,825,1117,2755,654
"gene_219",1199,2630,1408,1408,612,1140
"gene_220",4541,147,4187,3995,448,4449
"gene_221",1030,4890,983,939,1801,1044
"gene_222",2971,1731,2789,2598,107,3019
"gene_223",289,5433,311,225,7353,306
"gene_224",23,1210,176,448,1371,121
"gene_225",2649,4790,2331,2853,5793,2544
"gene_226",2867,2723,2489,2461,6168,3001
"gene_227",4959,3696,4930,5214,5795,5084
"gene_228",2584,1232,2220,2287,3047,2584
"gene_229",4339,3372,4813,4597,1597,4362
"gene_230",150,353,97,342,937,138
"gene_231",2909,2532,3198,3249,1345,2807
"gene_232",1932,3011,1652,1286,6940,1966
"gene_233",1533,884,1397,1233,1722,1520
"gene_234",3187,528,3054,2953,1265,3291
"gene_235",797,1442,629,1102,1468,763
"gene_236",3721,4264,4143,4564,5800,3628
"gene_237",150,1598,255,86,2615,102
"gene_238",3871,4978,3842,3793,7964,3750
"gene_239",2627,3379,2420,1826,4845,2706
"gene_240",3570,2046,3291,3749,5591,3432
"gene_241",2783,5382,3221,3012,4876,2818
"gene_242",4481,3040,4891,4933,5679,4608
"gene_243",261,5702,21,171,5634,288
"gene_244",1437,1119,1215,1408,3431,1509
"gene_245",578,4798,377,366,1161,517
"gene_246",1567,4520,1892,1511,4866,1474
"gene_247",4410,4426,4141,4041,1981,4408
"gene_248",1,3255,327,854,560,15
"gene_249",3054,5051,3513,3957,2351,3009
"gene_250",1191,3140,1662,1650,5051,1122
"gene_251",2140,3634,1669,1848,230,2168
"gene_252",4354,5761,4004,4399,5858,4300
"gene_253",3866,3149,3644,3988,1936,3761
"gene_254",2737,115,2842,2973,4097,2655
"gene_255",3332,5567,2882,3122,3884,3260
"gene_256",1970,1902,1517,1668,2951,2058
"gene_257",4000,4491,4354,3924,3202,3954
"gene_258",1502,1787,1019,1158,2405,1440
"gene_259",1900,1067,1740,1672,2630,1895
"gene_260",4980,4359,5176,5479,5974,5112
"gene_261",2066,5205,2297,1784,7678,2101
"gene_262",1718,5473,2001,1983,4593,1790
"gene_263",2372,5346,2501,2531,2098,2375
"gene_264",588,4863,912,1006,7027,659
"gene_265",3398,5549,3026,2666,1601,3460
"gene_266",1681,2532,1662,1956,744,1608
"gene_267",3459,4342,3645,3047,1127,3587
"gene_268",3762,100,3370,3169,1493,3637
"gene_269",3561,812,3674,3185,2517,3681
"gene_270",3227,3213,3452,3789,128,3269
"gene_271",4883,3669,4466,4986,3984,4830
"gene_272",3629,997,3894,3806,1571,3648
"gene_273",1245,4688,751,676,6225,1133
"gene_274",110,617,515,420,2483,-4
"gene_275",1375,3069,1023,1246,4026,1397
"gene_276",4887,4217,5248,4763,4852,4999
"gene_277",1264,4207,1481,970,8120,1216
"gene_278",91,2815,548,819,1528,42
"gene_279",4200,3029,3863,3518,3052,4309
"gene_280",81,1035,366,52,1549,99
"gene_281",4672,446,4348,4065,1142,4632
"gene_282",2571,2523,3065,3394,2801,2564
"gene_283",1160,3940,911,631,4385,1234
"gene_284",4679,531,5105,5690,3024,4546
"gene_285",3969,5497,4268,4233,2702,3937
"gene_286",4007,3971,3997,4242,5795,3968
"gene_287",3988,5162,4021,3787,4813,4053
"gene_288",4427,3329,4083,3494,3165,4475
"gene_289",3254,2420,3534,3693,778,3363
"gene_290",3112,1822,3497,3091,1098,3008
"gene_291",4554,3006,4801,5321,206,4632
"gene_292",4822,2547,5007,4624,4809,4921
"gene_293",3139,3719,3102,3632,5682,3218
"gene_294",2499,3421,2706,2336,2831,2378
"gene_295",866,3083,1196,1715,851,979
"gene_296",3144,4543,3507,2937,2246,3063
"gene_297",1858,2402,2240,1878,3777,1885
"gene_298",3573,2039,3488,3442,865,3545
"gene_299",435,1843,771,250,1643,317
"gene_300",1534,4223,1733,1194,3714,1462
"gene_301",4194,749,3939,4506,123,4170
"gene_302",990,5572,516,431,4736,938
"gene_303",3620,5293,3653,3398,3459,3686
"gene_304",3466,1417,3196,3725,3771,3533
"gene_305",4384,3415,4380,4497,2322,4326
"gene_306",2026,5622,1600,1250,4982,2021
"gene_307",3986,4125,3727,3489,2507,4072
"gene_308",4150,1520,3840,3814,1294,4013
"gene_309",3096,2810,3144,3221,1470,3214
"gene_310",3803,2955,4022,4553,5802,3749
"gene_311",3645,588,3557,3824,411,3664
"gene_312",3479,2045,3890,3927,3947,3395
"gene_313",693,3063,251,517,741,566
"gene_314",1424,1584,1737,1777,2221,1479
"gene_315",270,2671,596,57,5689,369
"gene_316",1065,887,588,1005,223,1091
"gene_317",308,2879,79,452,1112,367
"gene_318",2839,2462,3031,2980,2118,2755
"gene_319",4047,2599,3979,4404,1667,4169
"gene_320",4636,4334,4346,4440,2289,4634
"gene_321",3296,2718,3654,3749,2064,3331
"gene_322",2654,5053,2363,2249,2926,2591
"gene_323",2952,2137,3156,3488,1619,2998
"gene_324",1627,3944,1424,1128,33,1500
"gene_325",1597,3071,1469,1997,5090,1557
"gene_326",223,3114,212,201,400,322
"gene_327",893,2060,921,939,4434,927
"gene_328",122,4146,341,333,2551,50
"gene_329",979,345,1140,632,151,908
"gene_330",1533,1224,1208,1037,2181,1430
"gene_331",287,2244,317,877,4263,214
"gene_332",627,2391,539,465,4897,659
"gene_333",1463,5139,1750,1191,2724,1365
"gene_334",2237,5572,1761,2156,5068,2169
"gene_335",1604,4074,1838,2323,4282,1517
"gene_336",3274,1103,2777,3346,3173,3369
"gene_337",1956,3372,1676,2217,4546,2025
"gene_338",3834,4458,3460,3591,7989,3806
"gene_339",1480,920,1157,1047,4870,1485
"gene_340",4571,1442,4474,4295,1064,4507
"gene_341",97,2904,6,43,2502,93
"gene_342",47,2351,531,791,3226,60
"gene_343",1178,3502,1628,1529,7171,1163
"gene_344",2499,630,2501,2833,3143,2524
"gene_345",2252,2612,2394,2073,2184,2121
"gene_346",2218,741,2691,2721,4013,2174
"gene_347",3622,1263,3990,4367,202,3564
"gene_348",1539,3484,1374,1541,3050,1590
"gene_349",4891,2616,4548,4128,619,4940
"gene_350",1276,3881,1424,1449,123,1171
"gene_351",4068,1271,4333,4584,2768,4104
"gene_352",881,2035,1191,863,1395,931
"gene_353",3612,2987,3198,3333,165,3639
"gene_354",4102,1687,4475,4120,1661,4079
"gene_355",1730,1228,1925,2033,745,1713
"gene_356",1701,2990,1442,1644,2162,1790
"gene_357",4389,3002,4318,4643,2734,4281
"gene_358",1441,3631,1532,1442,6197,1379
"gene_359",1698,4464,1603,2104,8145,1605
"gene_360",3615,4914,3457,3266,4104,3608
"gene_361",4834,2785,4803,4265,54,4913
"gene_362",2190,1868,2543,2121,1846,2184
"gene_363",33,1711,403,198,1096,-8
"gene_364",1090,5833,971,1317,3867,1200
"gene_365",1006,4078,746,1148,2867,1037
"gene_366",1364,3114,1296,1563,5261,1376
"gene_367",1000,4198,1420,990,4436,1074
"gene_368",4888,2617,4890,5083,341,4773
"gene_369",2166,4556,1936,1745,5497,2055
"gene_370",4320,701,4493,4765,821,4302
"gene_371",4888,312,4668,4958,2493,4763
"gene_372",2334,1291,2548,2942,2046,2448
"gene_373",3790,2199,3755,4263,2122,3920
"gene_374",4368,2536,4137,4274,5038,4349
"gene_375",1447,2490,1831,1266,5717,1468
"gene_376",3031,3950,2839,3013,4323,2952
"gene_377",1168,3067,954,494,5722,1138
"gene_378",4105,2701,4202,4583,424,4211
"gene_379",1911,5505,1759,2066,6313,1898
"gene_380",3764,1590,3795,3382,44,3650
"gene_381",432,3194,819,880,3750,482
"gene_382",3548,5008,3423,3345,1403,3652
"gene_383",560,3313,828,750,90,694
"gene_384",3903,4382,3831,3927,6404,3932
"gene_385",2237,3736,2701,3281,7084,2164
"gene_386",2217,5122,1873,1914,1695,2208
"gene_387",2433,4822,2484,2119,6173,2294
"gene_388",4117,3071,4228,4705,6808,4056
"gene_389",949,1984,1356,1749,5777,919
"gene_390",1686,3502,2137,1968,3384,1595
"gene_391",2518,3255,2158,2663,4034,2412
"gene_392",2980,1691,2915,2753,3821,3059
"gene_393",1754,2960,1552,2050,5789,1664
"gene_394",4595,3741,4624,4159,2039,4720
"gene_395",4179,2733,4264,4001,983,4084
"gene_396",631,2593,1113,1568,5644,579
"gene_397",3116,3071,3410,3167,2674,3189
"gene_398",3136,416,3133,2912,3255,3248
"gene_399",1227,5705,1121,986,5507,1210
"gene_400",1164,3681,717,1065,1381,1147
"gene_401",1360,1563,1040,1624,2831,1462
"gene_402",75,3369,13,543,1104,11
"gene_403",3121,2085,3088,2810,660,3208
"gene_404",2278,1497,2479,2282,471,2397
"gene_405",2417,4303,2311,2053,3835,2411
"gene_406",2180,4169,2030,2193,5113,2276
"gene_407",651,5687,660,617,2915,523
"gene_408",4795,4129,4893,4491,3561,4728
"gene_409",53,4835,105,621,4801,157
"gene_410",702,490,493,763,2051,695
"gene_411",3290,5602,3379,3671,6656,3382
"gene_412",722,5019,583,720,3248,842
"gene_413",4247,1478,3893,3740,3446,4375
"gene_414",3698,5390,4104,3908,3769,3664
"gene_415",2738,1140,2989,3135,1729,2798
"gene_416",2337,864,2565,2968,316,2277
"gene_417",195,4436,145,158,1687,125
"gene_418",2643,4133,2636,2642,2124,2655
"gene_419",3842,4250,3973,4495,4083,3853
"gene_420",4326,3154,4380,3997,2915,4319
"gene_421",1607,2850,1312,1603,3606,1707
"gene_422",3353,1875,3560,3790,398,3416
"gene_423",1015,522,803,883,2856,1051
"gene_424",4342,729,4307,4332,2124,4374
"gene_425",1885,850,2131,2151,4191,1890
"gene_426",1521,5416,1433,1023,2335,1407
"gene_427",604,3759,865,679,1781,538
"gene_428",2413,5237,2818,3315,7825,2350
"gene_429",2766,4990,2415,2260,4469,2862
"gene_430",4069,456,3664,4065,2221,4030
"gene_431",2096,5441,2540,2231,3719,2105
"gene_432",2234,2026,2310,1862,5984,2172
"gene_433",3742,4735,3496,3978,3318,3608
"gene_434",1316,2199,1390,1112,3378,1426
"gene_435",4429,4190,4325,3960,7669,4508
"gene_436",4183,4771,4203,4535,8142,4307
"gene_437",2043,570,1623,1766,652,2149
"gene_438",4458,1050,4449,4812,1216,4339
"gene_439",40,210,406,300,2880,113
"gene_440",2357,5670,2164,2306,6973,2459
"gene_441",3128,2962,3133,2839,3469,3210
"gene_442",2722,368,3009,3230,4014,2604
"gene_443",2958,4671,2977,3226,3268,2899
"gene_444",2191,305,2580,2764,1798,2056
"gene_445",1601,1295,1318,793,2079,1548
"gene_446",3904,1077,3588,3766,4576,3775
"gene_447",4886,3715,5078,4817,6811,4774
"gene_448",3232,3366,2823,2668,220,3133
"gene_449",4286,4309,3945,4136,6381,4411
"gene_450",3592,4467,3371,3348,3916,3485
"gene_451",4285,3757,4218,4497,4752,4165
"gene_452",1381,3151,1635,1941,563,1485
"gene_453",2933,545,3057,3123,78,2939
"gene_454",845,2463,1016,1042,6213,808
"gene_455",2453,757,2785,3230,969,2500
"gene_456",1893,3991,1861,2045,4126,1923
"gene_457",375,4157,173,299,392,336
"gene_458",1448,5720,1099,858,8816,1514
"gene_459",2833,3833,3057,3189,3584,2770
"gene_460",3477,933,3300,3215,1120,3338
"gene_461",1322,2558,1437,1025,4598,1287
"gene_462",545,558,636,956,114,625
"gene_463",2960,922,3143,2605,1090,2841
"gene_464",2763,3331,3255,3185,2161,2820
"gene_465",737,2050,615,648,925,808
"gene_466",3669,4198,3451,3287,5547,3592
"gene_467",192,5958,564,200,5612,318
"gene_468",921,2463,736,767,795,849
"gene_469",274,5723,336,636,7916,385
"gene_470",3494,5436,3015,2863,7880,3536
"gene_471",392,3695,547,4,3475,291
"gene_472",3333,5001,2863,3274,2726,3434
"gene_473",805,5341,1046,1133,6037,885
"gene_474",1861,4180,1898,2396,2467,1779
"gene_475",3111,594,2806,2586,1856,3201
"gene_476",785,733,857,520,2755,721
"gene_477",3431,2347,3481,3365,5073,3311
"gene_478",3793,3508,3395,3260,3062,3808
"gene_479",2972,3121,3146,2549,2107,3102
"gene_480",1416,5204,1152,867,1561,1467
"gene_481",3789,3828,3923,3902,24,3771
"gene_482",1846,5791,2050,2489,5478,1765
"gene_483",4839,4645,4824,4225,3265,4755
"gene_484",3649,3407,3470,3035,1958,3566
"gene_485",2252,1643,2387,2471,1800,2192
"gene_486",2252,3619,1898,1817,591,2300
"gene_487",1185,3712,747,1077,1156,1067
"gene_488",3535,5350,3049,2601,6462,3517
"gene_489",1561,2274,1452,1612,4234,1431
"gene_490",3693,1689,4129,4679,3511,3694
"gene_491",1927,5483,1910,2488,2213,1911
"gene_492",4779,3216,4837,5058,4918,4749
"gene_493",4637,5416,5136,5337,8966,4711
"gene_494",107,3577,81,74,2224,97
"gene_495",4204,3807,3884,3289,6287,4215
"gene_496",4985,569,4538,4812,1842,5105
"gene_497",3838,322,3524,3990,2254,3761
"gene_498",65,3292,246,207,401,160
"gene_499",3020,1444,2618,2703,859,2955
"gene_500",1513,3901,1451,1940,4023,1392
"gene_501",701,2967,639,587,3608,839
"gene_502",1915,4753,2355,1763,4681,1877
"gene_503",1856,5194,1983,2462,3584,1766
"gene_504",936,4913,677,745,1026,1006
"gene_505",2957,4046,2738,3187,6218,3058
"gene_506",2193,380,1736,2250,2977,2109
"gene_507",1751,2996,1799,1528,435,1804
"gene_508",2104,2810,2237,2772,5488,2225
"gene_509",43,885,191,371,1399,107
"gene_510",1072,4981,879,944,5413,1130
"gene_511",550,5062,733,788,2266,621
"gene_512",684,1870,846,468,2924,603
"gene_513",2501,5747,2242,2419,4959,2429
"gene_514",3627,3066,3564,4077,182,3507
"gene_515",3733,3246,3295,3353,5547,3689
"gene_516",3883,4001,4233,3981,3092,4015
"gene_517",3324,1968,3497,4035,1189,3203
"gene_518",657,3098,418,147,3196,575
"gene_519",3420,4844,3638,3920,1608,3464
"gene_520",4728,5865,5087,5122,4407,4734
"gene_521",3253,5353,3547,3820,4484,3160
"gene_522",4397,2648,4518,5016,6573,4326
"gene_523",1729,2143,1769,2348,5763,1849
"gene_524",368,2579,752,840,5206,341
"gene_525",3360,709,3409,3281,2886,3410
"gene_526",1299,437,1005,843,3590,1172
"gene_527",4459,2094,4308,4707,3135,4381
"gene_528",3051,3519,3251,2715,127,3097
"gene_529",2747,540,2622,2845,3358,2659
"gene_530",173,1012,255,121,1747,154
"gene_531",1407,2301,1086,1310,2910,1306
"gene_532",1993,4740,1709,1598,2269,1869
"gene_533",1106,1015,1001,778,12,1171
"gene_534",3596,2436,3990,4141,3629,3503
"gene_535",193,1195,172,172,2073,208
"gene_536",2866,3200,2668,2593,5237,2943
"gene_537",4147,5746,3773,4173,6521,4274
"gene_538",1504,5370,1954,1936,3760,1434
"gene_539",711,4513,699,822,7326,709
"gene_540",765,4271,663,485,367,744
"gene_541",3025,4214,3173,2989,7803,2925
"gene_542",3978,1917,4474,4159,4885,4064
"gene_543",501,3931,209,254,2347,624
"gene_544",839,3558,1068,698,951,793
"gene_545",3630,1063,3750,4327,803,3543
"gene_546",284,1776,349,34,1752,147
"gene_547",2249,4058,2100,1773,5968,2304
"gene_548",466,4013,649,214,2239,435
"gene_549",1875,1927,2291,2338,1325,1842
"gene_550",1758,1890,1649,1854,2106,1801
"gene_551",1980,1393,1963,1590,2016,2115
"gene_552",814,1306,782,1253,260,820
"gene_553",4118,5434,3730,3958,8251,4086
"gene_554",189,3982,323,76,2066,272
"gene_555",1233,4804,1289,704,5053,1135
"gene_556",4763,2079,4533,4636,3803,4725
"gene_557",959,5580,543,482,5522,1087
"gene_558",2727,744,2732,2582,241,2849
"gene_559",4257,4213,4081,4336,7901,4215
"gene_560",144,5977,365,127,3871,176
"gene_561",744,5951,577,790,9127,725
"gene_562",1066,3809,1107,1133,2489,1124
"gene_563",3508,5788,3792,3226,1989,3426
"gene_564",2253,2266,2218,2395,5433,2274
"gene_565",4183,3792,4314,4648,2717,4105
"gene_566",553,3541,782,859,3062,616
"gene_567",1313,4626,1712,1633,8066,1278
"gene_568",4141,5104,4226,4791,5111,4149
"gene_569",3383,925,2943,3260,3971,3279
"gene_570",2461,2126,2256,2121,2890,2450
"gene_571",4438,4722,4107,4056,2713,4409
"gene_572",2796,2106,2741,2224,1355,2802
"gene_573",416,689,899,338,448,430
"gene_574",2840,879,2968,2812,460,2891
"gene_575",4820,4122,5194,5464,5941,4895
"gene_576",783,284,1245,817,3777,834
"gene_577",3892,5233,3863,4435,8073,3915
"gene_578",711,3507,542,843,2960,709
"gene_579",2789,3799,2536,2931,6572,2792
"gene_580",949,1372,1269,1132,4959,1023
"gene_581",3351,4249,3844,4381,2172,3256
"gene_582",933,4714,938,1462,4377,1055
"gene_583",3648,670,3920,3651,2922,3623
"gene_584",2116,4490,1873,1790,729,2002
"gene_585",2608,2528,2280,2808,3455,2733
"gene_586",490,2486,171,127,3685,564
"gene_587",3348,923,3575,3627,3546,3348
"gene_588",4149,4188,3757,3387,4809,4063
"gene_589",473,2409,75,515,2318,586
"gene_590",3710,612,3961,3999,3951,3662
"gene_591",3760,2278,3895,4374,721,3637
"gene_592",3934,5776,4243,4028,6342,3908
"gene_593",4203,134,3757,3934,1065,4238
"gene_594",4122,3692,4217,4671,4981,4132
"gene_595",2902,5780,2905,2431,2204,2890
"gene_596",939,3662,1350,872,647,976
"gene_597",4154,513,4440,4853,2419,4074
"gene_598",3630,5400,3532,4114,8854,3601
"gene_599",3614,4164,3173,3273,6566,3720
"gene_600",751,756,422,394,347,822
"gene_601",2615,3202,2701,2632,6569,2506
"gene_602",2300,4905,2081,2241,2929,2329
"gene_603",4102,986,4573,5001,1960,4041
"gene_604",1544,2038,1230,1135,1326,1415
"gene_605",1616,4387,2087,1800,4966,1718
"gene_606",2826,5417,2751,2960,5701,2840
"gene_607",4601,4118,4746,4227,4758,4518
"gene_608",3730,1392,3320,2734,933,3718
"gene_609",3926,3236,4367,4255,5366,3998
"gene_610",161,4234,474,694,6744,169
"gene_611",1305,1091,1087,810,497,1341
"gene_612",2266,1351,2159,2103,392,2390
"gene_613",478,531,529,968,1838,380
"gene_614",4078,1713,4238,3828,1653,3993
"gene_615",3116,344,3571,3558,2008,3181
"gene_616",4277,2446,4004,4488,2061,4401
"gene_617",717,1920,785,975,1563,772
"gene_618",2760,943,2631,3029,964,2628
"gene_619",466,2752,570,717,2680,542
"gene_620",798,3181,845,1281,6953,766
"gene_621",1204,4353,1504,1355,763,1162
"gene_622",2071,4687,1957,1609,7620,1968
"gene_623",505,4741,577,890,5253,434
"gene_624",1840,5817,2133,1579,7276,1944
"gene_625",3397,1110,3592,3819,3278,3390
"gene_626",3665,3027,3884,3921,496,3560
"gene_627",216,242,217,392,2674,188
"gene_628",4776,2476,4893,4943,1019,4747
"gene_629",4846,3652,4445,4000,6965,4830
"gene_630",2138,4945,1844,1334,5073,2241
"gene_631",1474,2633,1527,974,413,1514
"gene_632",76,1036,184,321,191,56
"gene_633",2128,134,1629,1154,402,2099
"gene_634",3970,1266,4462,3986,4283,3851
"gene_635",3738,5931,4013,3548,5992,3757
"gene_636",2918,3859,2681,2745,6959,2830
"gene_637",1793,4383,1968,2550,6716,1695
"gene_638",2424,5923,2294,2034,2222,2391
"gene_639",928,3770,1303,1766,7346,788
"gene_640",1082,4213,621,345,4643,1034
"gene_641",3334,3010,2849,2462,5390,3374
"gene_642",2701,2131,3171,2919,3437,2738
"gene_643",2679,3716,2550,2551,2876,2740
"gene_644",4802,5645,5010,4676,6508,4801
"gene_645",2404,5846,1921,1472,6963,2498
"gene_646",2413,5068,2272,1919,7638,2436
"gene_647",820,191,834,1026,3027,773
"gene_648",774,155,741,859,3690,912
"gene_649",2561,1189,2370,2426,196,2594
"gene_650",4167,4403,3931,3657,1771,4139
"gene_651",4540,3058,4545,4999,4173,4475
"gene_652",4548,2854,4500,4293,4636,4674
"gene_653",3347,5201,3609,3162,8611,3279
"gene_654",1562,367,2061,2577,2743,1470
"gene_655",4557,4977,4639,4543,7872,4418
"gene_656",4461,4225,4484,4941,635,4321
"gene_657",1793,4683,2221,1836,4299,1803
"gene_658",1147,4129,1427,1763,1675,1163
"gene_659",4410,2038,4694,5235,3416,4414
"gene_660",1977,2719,2011,1993,5284,2089
"gene_661",4618,4418,4140,4685,2843,4565
"gene_662",4170,863,4389,4921,3019,4048
"gene_663",1623,5501,1347,1538,7347,1597
"gene_664",3599,2457,3867,3454,1007,3663
"gene_665",89,3512,418,582,6630,151
"gene_666",3197,1200,2871,3135,4850,3228
"gene_667",1937,4532,2422,2380,2982,2023
"gene_668",1368,1683,1031,990,1441,1506
"gene_669",2457,5199,2781,3293,8760,2408
"gene_670",2088,4336,1999,2482,8068,2002
"gene_671",2701,3924,2536,2679,6344,2595
"gene_672",2669,4704,2803,2834,4025,2803
"gene_673",1781,4405,2175,2261,4347,1843
"gene_674",4416,4791,4342,4237,2456,4495
"gene_675",2342,4978,2287,2514,8959,2285
"gene_676",714,1170,359,855,1548,638
"gene_677",1215,2314,804,1213,2820,1117
"gene_678",695,5833,1146,1559,6997,712
"gene_679",1299,2479,1410,1791,3062,1202
"gene_680",3355,5651,3015,3025,9185,3441
"gene_681",618,5681,695,294,8205,525
"gene_682",1648,3678,2058,2251,3582,1552
"gene_683",3274,4016,3286,3781,5576,3330
"gene_684",3112,263,2917,3136,3778,3084
"gene_685",2144,4742,2301,2582,6558,2086
"gene_686",3023,1443,2780,2573,539,3003
"gene_687",3792,434,3442,3800,2464,3753
"gene_688",4159,1208,3796,3658,2387,4083
"gene_689",1260,2725,1268,872,6228,1130
"gene_690",61,2293,178,253,197,-35
"gene_691",3150,241,3412,3319,255,3137
"gene_692",1393,5251,1726,1333,8030,1520
"gene_693",1005,512,1368,1561,1179,1027
"gene_694",4616,630,4806,4451,5,4490
"gene_695",2688,5024,3057,3062,1173,2682
"gene_696",4063,3141,4010,4576,2119,3994
"gene_697",3962,5201,4087,4010,4966,4065
"gene_698",4496,3944,4944,4904,4093,4356
"gene_699",1310,1342,1089,1598,1216,1257
"gene_700",3473,4212,3471,3294,1749,3522
"gene_701",2979,3992,3148,2771,7917,3053
"gene_702",724,2461,860,910,1237,814
"gene_703",294,3018,79,508,6114,176
"gene_704",1738,4386,1656,1865,2788,1751
"gene_705",919,4875,746,283,1993,1014
"gene_706",935,3747,482,912,5737,941
"gene_707",4689,5428,5069,5057,4807,4742
"gene_708",1265,2185,1437,1695,221,1196
"gene_709",1666,5744,1367,1751,3527,1670
"gene_710",60,5289,256,35,6349,198
"gene_711",3024,4431,2560,2337,6433,3089
"gene_712",86,1669,31,568,5176,96
"gene_713",1065,4070,1153,1679,7901,1157
"gene_714",331,4699,213,249,7457,222
"gene_715",1398,1680,1183,688,1968,1530
"gene_716",1366,5739,1001,1176,2305,1309
"gene_717",4516,5970,4888,5124,2729,4396
"gene_718",4689,3109,5156,4768,3154,4660
"gene_719",3149,5436,3059,2721,6067,3222
"gene_720",2605,1718,2947,2780,1133,2624
"gene_721",3276,4001,3657,3836,880,3154
"gene_722",1944,2387,2430,2738,4131,1939
"gene_723",1923,2193,2082,2418,5475,1984
"gene_724",1218,2154,917,1372,2336,1138
"gene_725",250,4696,243,241,1978,234
"gene_726",1133,3843,758,352,1731,1108
"gene_727",596,142,693,1105,2171,674
"gene_728",3421,3235,3453,3890,6202,3492
"gene_729",3401,2344,3425,3082,5424,3487
"gene_730",3764,1133,3979,4386,485,3805
"gene_731",3236,4110,2946,3303,1113,3170
"gene_732",1415,2881,1839,1258,4652,1281
"gene_733",1715,5610,2001,2569,4235,1590
"gene_734",2824,2508,3299,3470,1249,2962
"gene_735",4236,2647,3892,3587,1285,4367
"gene_736",4881,3903,4785,4716,1684,4800
"gene_737",2173,291,2312,2006,1268,2206
"gene_738",1957,3418,2452,2207,504,2080
"gene_739",33,4787,248,223,3755,136
"gene_740",4292,3976,4382,4277,2061,4429
"gene_741",4347,3793,4711,4231,1877,4233
"gene_742",4370,5534,3931,4349,7216,4491
"gene_743",803,494,381,608,2267,671
"gene_744",677,794,199,711,3334,806
"gene_745",494,5365,386,523,8642,355
"gene_746",2829,5737,2484,2912,2912,2938
"gene_747",4043,3047,3881,3749,4740,4068
"gene_748",2909,2196,3215,3126,542,2803
"gene_749",2675,944,2754,2299,152,2796
"gene_750",4212,327,4446,4256,3564,4134
"gene_751",4963,3352,5353,5125,2825,5064
"gene_752",3672,1718,3896,3466,226,3602
"gene_753",2126,3632,1652,1522,2825,2069
"gene_754",1231,4373,1596,1485,7687,1191
"gene_755",1777,3092,1380,1883,4223,1827
"gene_756",4991,1817,5026,4846,1526,4904
"gene_757",2071,4735,1836,2286,1769,2054
"gene_758",171,5304,307,670,4972,152
"gene_759",498,1650,841,299,4974,506
"gene_760",2256,3788,2249,1890,1075,2281
"gene_761",4988,5076,5041,4737,7015,4911
"gene_762",3741,2949,3461,3843,6059,3787
"gene_763",771,516,705,910,377,868
"gene_764",687,1196,656,290,1459,763
"gene_765",221,4789,610,576,8202,202
"gene_766",2971,3525,3413,4007,6509,2852
"gene_767",4380,3497,4775,4276,4056,4369
"gene_768",268,1533,147,77,4155,266
"gene_769",3266,3776,3551,3909,5725,3182
"gene_770",4787,2380,4871,4613,444,4894
"gene_771",3462,4116,3384,3613,5963,3473
"gene_772",2750,3966,2722,3169,2961,2661
"gene_773",3139,4419,2713,2764,7716,3173
"gene_774",3308,1031,3275,2720,2645,3438
"gene_775",4584,105,4632,4600,2080,4718
"gene_776",655,152,661,150,941,712
"gene_777",139,2972,180,319,3756,194
"gene_778",3604,1936,3122,3088,4504,3647
"gene_779",4904,4094,4455,4759,7387,4971
"gene_780",3247,5995,3301,3729,7575,3205
"gene_781",4238,447,4141,3938,1628,4107
"gene_782",3328,2759,3688,3290,913,3227
"gene_783",1061,711,655,276,118,926
"gene_784",1594,4339,1477,989,1881,1520
"gene_785",4158,2324,3884,4407,6073,4025
"gene_786",3254,3801,3606,3287,6035,3172
"gene_787",1128,5859,1462,1455,7715,1139
"gene_788",410,5148,545,971,8570,284
"gene_789",1118,5128,966,1103,6419,1014
"gene_790",3003,1817,3263,2693,4444,3121
"gene_791",4917,2910,4585,4139,1679,5003
"gene_792",4873,391,4692,4388,3193,4740
"gene_793",1810,1976,1396,1299,185,1704
"gene_794",4096,4322,4277,4431,4052,4204
"gene_795",2585,5757,2673,3069,5547,2485
"gene_796",1794,4052,1649,1776,2783,1742
"gene_797",3992,2425,3948,4523,3712,4073
"gene_798",2347,1085,2346,1970,3567,2349
"gene_799",3196,2118,3591,4015,5638,3296
"gene_800",3039,5101,3051,2860,9101,2928
"gene_801",2627,2499,3031,3621,321,2629
"gene_802",752,4474,1032,1397,5636,819
"gene_803",689,5241,441,473,7370,607
"gene_804",1859,453,2269,2315,3013,1943
"gene_805",432,5079,518,812,4281,559
"gene_806",2929,324,3373,3623,977,3066
"gene_807",4736,436,4661,4273,2429,4656
"gene_808",1254,5631,1011,1515,5974,1184
"gene_809",1964,5632,1647,1721,8329,1926
"gene_810",2898,2545,2916,3092,1300,2998
"gene_811",1304,3211,914,569,3684,1344
"gene_812",2928,4578,3022,2607,4137,2845
"gene_813",3387,4459,3785,4011,1796,3443
"gene_814",2249,5717,1881,2404,5202,2348
"gene_815",676,4919,967,1378,8205,565
"gene_816",2390,787,2594,2147,1972,2377
"gene_817",3871,2843,3543,4106,1032,3991
"gene_818",4733,5901,5005,4952,3656,4679
"gene_819",4907,1888,5123,4935,2435,4960
"gene_820",391,5584,243,187,5789,519
"gene_821",3702,1737,3997,3736,2540,3753
"gene_822",3584,871,3188,3144,361,3471
"gene_823",870,2163,835,1006,4404,760
"gene_824",2564,322,2919,2320,941,2509
"gene_825",2775,5044,2283,2076,5399,2693
"gene_826",800,1629,819,1090,1089,917
"gene_827",2015,860,2267,1931,1769,2059
"gene_828",4188,2213,3728,3481,5042,4116
"gene_829",4833,1008,4512,4754,2823,4931
"gene_830",1658,4580,1617,1605,6000,1545
"gene_831",831,5172,1283,1867,8191,951
"gene_832",4053,1289,3746,3832,2247,3942
"gene_833",1758,1738,1690,1441,4737,1750
"gene_834",4825,5893,4499,3915,2635,4915
"gene_835",4478,3275,4346,4006,2963,4558
"gene_836",1729,5742,1330,1798,7111,1791
"gene_837",3049,4031,2775,3199,4721,3059
"gene_838",3920,2053,3592,3103,2906,3895
"gene_839",2655,5047,2706,2715,4001,2714
"gene_840",4289,4509,4521,4868,1200,4389
"gene_841",4288,1269,4309,4458,1078,4194
"gene_842",574,4574,376,112,4620,546
"gene_843",1125,2738,1294,1145,3903,1041
"gene_844",4617,3515,4236,4087,3376,4643
"gene_845",491,2486,429,570,317,541
"gene_846",3986,2234,4471,4724,191,3976
"gene_847",651,3549,884,1319,5936,684
"gene_848",2188,3489,2419,2366,1050,2251
"gene_849",3997,5949,3765,4222,9898,3876
"gene_850",2320,1556,2136,2246,2082,2310
"gene_851",1707,3477,1366,893,5574,1692
"gene_852",201,3035,336,314,7020,198
"gene_853",2524,953,2479,2406,4763,2582
"gene_854",4420,3888,4638,5161,2859,4322
"gene_855",1162,5589,1368,1149,1823,1169
"gene_856",2805,1331,2414,1825,793,2720
"gene_857",3234,4816,3413,3593,4350,3351
"gene_858",2255,3204,1989,2043,4777,2231
"gene_859",3405,2430,3570,3917,3778,3516
"gene_860",431,5455,899,1059,9200,418
"gene_861",1676,4890,1328,1254,5730,1635
"gene_862",2036,1180,2238,2170,1706,1926
"gene_863",3862,5624,4169,4318,8330,3952
"gene_864",3401,3905,3106,2923,378,3528
"gene_865",626,218,733,955,1089,575
"gene_866",1919,2509,1645,1308,87,1790
"gene_867",3241,2957,3631,3703,4659,3124
"gene_868",782,1926,831,469,275,719
"gene_869",4762,3354,4739,4299,6382,4819
"gene_870",4437,5562,4202,4450,2969,4577
"gene_871",1973,5962,2054,2110,8669,2066
"gene_872",4,1563,464,483,399,75
"gene_873",3711,5544,4170,4218,6647,3649
"gene_874",225,4603,248,728,8093,187
"gene_875",4550,3509,4148,4322,4954,4501
"gene_876",3691,2896,3913,3861,393,3743
"gene_877",4861,2343,4495,4543,1461,4871
"gene_878",4964,4819,4470,4081,6771,4953
"gene_879",1798,636,1891,1948,1057,1707
"gene_880",4135,4970,3748,3712,3561,4238
"gene_881",1342,2543,1263,1762,829,1376
"gene_882",4747,3098,4631,4509,5055,4834
"gene_883",3962,5702,4400,4204,6106,4095
"gene_884",1177,1972,699,204,3475,1041
"gene_885",1471,4107,1537,1558,1628,1515
"gene_886",94,586,40,193,3212,122
"gene_887",2854,3880,2673,3104,7308,2978
"gene_888",2884,1566,3188,3569,2092,2812
"gene_889",2472,3998,2835,3153,3837,2549
"gene_890",2216,2983,2339,1841,5592,2133
"gene_891",3743,2247,3303,3272,1774,3824
"gene_892",1629,740,1353,1444,2584,1604
"gene_893",1099,302,1388,1481,2555,1196
"gene_894",4166,4878,4450,4361,6042,4166
"gene_895",192,1747,479,761,2449,55
"gene_896",1354,2292,1477,1754,1134,1426
"gene_897",21,1574,63,151,11,-35
"gene_898",1804,1362,1752,2016,4868,1737
"gene_899",3937,5860,4249,4736,5679,3814
"gene_900",908,5351,646,1101,8129,828
"gene_901",2688,3653,3118,2788,2069,2658
"gene_902",1983,1730,1495,1236,1933,2118
"gene_903",921,145,754,989,1072,934
"gene_904",1803,2670,2114,1838,955,1838
"gene_905",2724,830,2858,3388,3060,2816
"gene_906",1839,411,1471,1069,3331,1796
"gene_907",3798,4089,3556,3409,7761,3722
"gene_908",819,1493,1022,809,1698,818
"gene_909",3593,2338,3589,3974,1374,3681
"gene_910",2169,4156,2308,2203,6362,2290
"gene_911",2759,3083,2910,2335,4183,2732
"gene_912",178,2106,482,417,3704,223
"gene_913",3677,2325,3226,3824,6234,3621
"gene_914",230,3269,191,89,586,258
"gene_915",3213,1424,3706,3800,3034,3325
"gene_916",364,4774,414,660,2066,471
"gene_917",3455,2263,2997,2936,4877,3505
"gene_918",4562,2099,5035,5599,3105,4609
"gene_919",4676,5715,5063,4550,5040,4622
"gene_920",924,3461,1378,1061,7010,790
"gene_921",4652,3912,4552,4074,3906,4519
"gene_922",495,5934,100,176,7272,467
"gene_923",1926,1445,2074,1744,2391,2048
"gene_924",1755,5233,1565,2148,6796,1894
"gene_925",1669,4212,1819,1404,1847,1726
"gene_926",2843,3042,2385,1942,4123,2911
"gene_927",3670,5013,3494,3645,2603,3778
"gene_928",4463,5968,4676,4254,3843,4338
"gene_929",1342,1469,1617,1904,1090,1285
"gene_930",1954,3174,1923,1811,1972,2063
"gene_931",1133,3224,1427,1250,5809,1020
"gene_932",1110,298,1436,1964,1675,1237
"gene_933",92,5106,536,21,8473,163
"gene_934",3556,5390,3892,4075,6974,3503
"gene_935",4010,1191,4508,5049,2708,4021
"gene_936",2470,1844,2428,2829,1028,2432
"gene_937",1415,895,963,1484,341,1298
"gene_938",2077,3712,2249,2272,2640,2136
"gene_939",3143,4301,2659,2738,4892,3273
"gene_940",1004,1533,990,941,5002,1120
"gene_941",2660,2965,2743,2545,87,2604
"gene_942",4244,365,3973,3775,2671,4177
"gene_943",1320,2640,1010,1471,1347,1430
"gene_944",2419,2529,2752,2996,949,2499
"gene_945",4404,4880,3917,3980,5755,4349
"gene_946",3011,3346,2521,2312,6906,3045
"gene_947",286,3352,25,131,127,271
"gene_948",1640,2917,1538,1481,4602,1629
"gene_949",2514,5601,2285,2478,4287,2506
"gene_950",1268,4922,1548,1151,1946,1190
"gene_951",3339,4795,3263,2867,5193,3470
"gene_952",2775,3824,3046,3548,1796,2904
"gene_953",3743,138,3797,4033,2739,3743
"gene_954",1288,1029,1447,1303,4752,1239
"gene_955",4644,4633,4517,4420,1994,4671
"gene_956",2953,4995,3370,2966,5918,2824
"gene_957",4769,2105,4963,4524,1175,4869
"gene_958",4618,2335,4339,4164,3329,4538
"gene_959",70,1881,136,70,5096,26
"gene_960",2502,3876,2409,2770,1202,2420
"gene_961",2750,3273,2478,2979,5569,2839
"gene_962",2790,577,2907,2580,1422,2927
"gene_963",4805,3822,4971,5272,4501,4858
"gene_964",2409,2221,2747,2154,5714,2499
"gene_965",1924,731,1673,1463,2461,1785
"gene_966",238,340,80,192,549,162
"gene_967",1196,4873,1420,839,8633,1129
"gene_968",3563,5679,3539,3184,7995,3604
"gene_969",4872,1353,5226,5604,2617,5001
"gene_970",510,3841,820,290,5696,544
"gene_971",1162,3829,1558,1280,1686,1287
"gene_972",1396,3760,1100,1543,1074,1514
"gene_973",29,3520,61,97,178,75
"gene_974",3288,5345,3275,3107,1607,3390
"gene_975",1294,1243,1512,1648,4464,1374
"gene_976",4966,2486,5045,4599,5914,4903
"gene_977",3445,5954,3876,4360,6671,3305
"gene_978",786,4321,822,1362,600,801
"gene_979",3729,3221,4025,3566,7125,3793
"gene_980",1286,954,1779,1604,323,1165
"gene_981",4455,4398,4292,4020,5513,4386
"gene_982",1348,2417,1282,1394,2323,1396
"gene_983",4163,3849,3869,3985,5873,4152
"gene_984",3113,1667,3358,3356,2848,3205
"gene_985",644,2984,433,138,5561,687
"gene_986",2222,1206,2640,2190,4900,2143
"gene_987",92,1277,179,407,4025,131
"gene_988",892,5040,1052,545,7706,807
"gene_989",1002,4034,1437,1099,6462,1105
"gene_990",4560,2956,4415,4863,5651,4573
"gene_991",802,4436,1130,1349,7343,685
"gene_992",2756,1914,2310,2408,1804,2827
"gene_993",3546,1856,3948,4361,70,3435
"gene_994",4076,3897,4279,4002,7333,4000
"gene_995",4399,1979,4283,4777,888,4290
"gene_996",2421,5556,2703,2760,6435,2402
"gene_997",2016,5586,2197,2204,6057,1957
"gene_998",153,3127,607,410,795,93
"gene_999",2979,4293,2580,3029,8281,2975
"gene_1000",1507,1686,1389,1688,2118,1582
